id,title,namerank,nr_std,refusal_rate,mean_cov,mean_acc,n_models,region_group,region,country,category,start_year,start_month,peak_views,total_views,eff_duration,days_above_10,tail_daily,gold_words
event_tyre_nichols_protests,Tyre Nichols protests,0.8458620689655172,0.18512842218084088,0.0,0.8603448275862068,0.9724137931034482,29,Anglo-America & Oceania,North America,United States,civil_unrest,2023,1,31581,155364,4.92,12,21.2,102
event_owo_church_attack,Owo church attack,0.8348275862068965,0.2761386544480517,0.0,0.8793103448275862,0.8931034482758622,29,Middle East & Africa,Sub-Saharan Africa,Nigeria,conflict_terrorism,2022,6,25204,121184,4.81,13,37.4,57
event_2021_east_asia_sandstorm,2021 East Asia sandstorm,0.7175862068965517,0.2448878022111744,0.034482758620689655,0.7206896551724138,0.9241379310344826,29,East Asia,East Asia,China,natural_disaster,2021,3,629,5215,8.29,7,20.2,59
event_siege_of_mariupol,Siege of Mariupol,0.7006896551724139,0.1503543179541822,0.0,0.7206896551724139,0.9655172413793104,29,Eastern Europe & Russia,Eastern Europe & Russia,Ukraine,conflict_terrorism,2022,2,57593,2645693,45.94,90,1316.2,184
event_2022_abu_dhabi_attack,2022 Abu Dhabi attack,0.6827586206896551,0.42817090168106164,0.10344827586206896,0.7,0.7206896551724139,29,Middle East & Africa,Middle East & North Africa,United Arab Emirates,conflict_terrorism,2022,1,3861,43631,11.3,19,67.4,54
event_2023_european_games,2023 European Games,0.6755172413793104,0.23089908538963366,0.0,0.7603448275862069,0.8620689655172413,29,Eastern Europe & Russia,Eastern Europe & Russia,Poland,sports,2023,6,28496,410855,14.42,17,160.8,69
event_2021_indian_air_force_mil_mi_17_crash,2021 Indian Air Force Mil Mi-17 crash,0.6727586206896552,0.3928840888268064,0.034482758620689655,0.7551724137931034,0.7517241379310345,29,South & Southeast Asia,South Asia,India,accident_disaster,2021,12,47625,164719,3.46,6,98.5,78
event_creeslough_explosion,Creeslough explosion,0.6703448275862068,0.3499210034852762,0.06896551724137931,0.7258620689655172,0.7896551724137929,29,Western Europe,Western Europe,Ireland,accident_disaster,2022,10,12705,101428,7.98,9,88.0,49
event_daunte_wright_protests,Daunte Wright protests,0.6593103448275862,0.22452910163092765,0.0,0.696551724137931,0.896551724137931,29,Anglo-America & Oceania,North America,United States,civil_unrest,2021,4,4166,40329,9.68,14,41.2,187
event_2021_suez_canal_obstruction,2021 Suez Canal obstruction,0.6448275862068964,0.13763070752122977,0.0,0.6655172413793102,0.9655172413793104,29,Middle East & Africa,Middle East & North Africa,Egypt,accident_disaster,2021,3,150343,1230405,8.18,11,1216.3,163
event_perm_state_university_shooting,Perm State University shooting,0.6437931034482758,0.37675029499659823,0.06896551724137931,0.796551724137931,0.696551724137931,29,Eastern Europe & Russia,Eastern Europe & Russia,Russia,crime_legal,2021,9,8486,70801,8.34,8,100.6,45
event_the_queen_s_platinum_jubilee_beacons,The Queen's Platinum Jubilee Beacons,0.643241379310345,0.20850959709532826,0.0,0.6700000000000002,0.9206896551724139,29,Global,Global,International,royalty_ceremony,2022,6,8600,21572,2.51,5,9.6,93
event_coronation_of_charles_iii_and_camilla,Coronation of Charles III and Camilla,0.6424137931034484,0.1292859747150717,0.0,0.6465517241379312,0.993103448275862,29,Western Europe,Western Europe,United Kingdom,royalty_ceremony,2023,5,225953,1291813,5.72,11,962.7,172
event_gamestop_short_squeeze,GameStop short squeeze,0.6396551724137931,0.11466541307650167,0.0,0.6475862068965518,0.9862068965517242,29,Anglo-America & Oceania,North America,United States,business_tech,2021,1,219456,1576682,7.18,10,1158.2,185
event_2021_cuban_protests,2021 Cuban protests,0.6282758620689655,0.1513632070611714,0.0,0.6517241379310346,0.9551724137931035,29,Latin America,Latin America,Cuba,civil_unrest,2021,7,27928,241785,8.66,12,165.8,199
event_2023_antisemitic_riots_in_the_north_caucasus,2023 antisemitic riots in the North Caucasus,0.6224137931034484,0.46416149963216985,0.10344827586206896,0.6327586206896553,0.6413793103448276,29,Eastern Europe & Russia,Eastern Europe & Russia,Russia,civil_unrest,2023,10,1449,18811,12.98,21,29.3,40
event_mahsa_amini_protests,Mahsa Amini protests,0.6196551724137931,0.12433222343218575,0.0,0.6379310344827587,0.9655172413793104,29,Middle East & Africa,Middle East & North Africa,Iran,civil_unrest,2022,9,49024,1628334,33.22,109,924.3,175
event_listvyazhnaya_mine_disaster,Listvyazhnaya mine disaster,0.6186206896551725,0.33732951390479976,0.06896551724137931,0.7086206896551722,0.7344827586206896,29,Eastern Europe & Russia,Eastern Europe & Russia,Russia,accident_disaster,2021,11,10468,38439,3.67,5,17.6,76
event_2023_g20_new_delhi_summit,2023 G20 New Delhi summit,0.6174137931034483,0.25871239753312264,0.0,0.6406896551724137,0.906896551724138,29,South & Southeast Asia,South Asia,India,politics_elections,2023,9,107376,1184684,11.03,19,387.1,44
event_2021_israeli_legislative_election,2021 Israeli legislative election,0.6168965517241379,0.2336236798383521,0.0,0.6672413793103449,0.882758620689655,29,Middle East & Africa,Middle East & North Africa,Israel,politics_elections,2021,3,101351,1126315,11.11,25,442.1,69
event_2022_buffalo_shooting,2022 Buffalo shooting,0.6058620689655171,0.19123044847331605,0.0,0.6362068965517241,0.9103448275862068,29,Anglo-America & Oceania,North America,United States,conflict_terrorism,2022,5,340170,2306140,6.78,12,2176.9,189
event_2021_western_north_america_heat_wave,2021 Western North America heat wave,0.6048275862068965,0.12579733810174182,0.0,0.617241379310345,0.9793103448275862,29,Anglo-America & Oceania,North America,International,natural_disaster,2021,6,52709,418387,7.94,10,370.5,180
event_death_and_funeral_of_pope_benedict_xvi,Death and funeral of Pope Benedict XVI,0.603793103448276,0.2049964472880285,0.0,0.6413793103448275,0.9137931034482757,29,Western Europe,Western Europe,Vatican City,royalty_ceremony,2022,12,23280,227399,9.77,15,233.0,152
event_acquisition_of_twitter_by_elon_musk,Acquisition of Twitter by Elon Musk,0.5992068965517242,0.18878292209989628,0.0,0.6293103448275862,0.9327586206896552,29,Anglo-America & Oceania,North America,United States,business_tech,2022,4,77351,1038358,13.42,32,1276.0,189
event_kazan_school_shooting,Kazan school shooting,0.5965517241379309,0.33034230795957975,0.0,0.7448275862068965,0.706896551724138,29,Eastern Europe & Russia,Eastern Europe & Russia,Russia,crime_legal,2021,5,41456,240359,5.8,10,166.0,72
event_2021_copa_am_rica,2021 Copa América,0.5927586206896552,0.2431956293805907,0.0,0.6706896551724137,0.8379310344827585,29,Latin America,Latin America,Brazil,sports,2021,6,362737,3327557,9.17,29,1405.6,198
event_2021_hong_kong_election_committee_subsector_elections,2021 Hong Kong Election Committee Subsector elections,0.5872413793103448,0.20476894551267624,0.0,0.6137931034482758,0.9068965517241379,29,East Asia,East Asia,China,politics_elections,2021,9,2344,20790,8.87,17,7.3,180
event_bankruptcy_of_ftx,Bankruptcy of FTX,0.5786206896551724,0.1285388479565891,0.0,0.5827586206896552,0.9896551724137931,29,Latin America,Latin America,Bahamas,business_tech,2022,11,10597,266817,25.18,59,679.0,199
event_2021_peruvian_general_election,2021 Peruvian general election,0.5779310344827586,0.19219923768812242,0.0,0.6275862068965519,0.9,29,Latin America,Latin America,Peru,politics_elections,2021,4,177564,1180975,6.65,12,288.7,185
event_2023_jacksonville_shooting,2023 Jacksonville shooting,0.5720689655172414,0.4236245842101303,0.13793103448275862,0.6275862068965516,0.6379310344827587,29,Anglo-America & Oceania,North America,United States,conflict_terrorism,2023,8,41795,308708,7.39,5,593.1,66
event_assassination_of_shinzo_abe,Assassination of Shinzo Abe,0.5693103448275861,0.17853679297194927,0.034482758620689655,0.603448275862069,0.8999999999999999,29,East Asia,East Asia,Japan,conflict_terrorism,2022,7,557750,2233877,4.01,4,2116.6,169
event_2023_eruption_of_mount_marapi,2023 eruption of Mount Marapi,0.566896551724138,0.39609388862843997,0.06896551724137931,0.6689655172413794,0.6241379310344827,29,South & Southeast Asia,Southeast Asia,Indonesia,natural_disaster,2023,12,28060,95085,3.39,8,33.3,49
event_uvalde_school_shooting,Uvalde school shooting,0.5662068965517242,0.19030671782412015,0.0,0.6189655172413793,0.8689655172413793,29,Anglo-America & Oceania,North America,United States,conflict_terrorism,2022,5,295,1577,5.35,9,1.5,180
event_2023_calabria_migrant_boat_disaster,2023 Calabria migrant boat disaster,0.5655172413793103,0.3495769483335295,0.0,0.6258620689655172,0.7379310344827587,29,Western Europe,Western Europe,Italy,accident_disaster,2023,2,17492,104560,5.98,14,21.3,110
event_2021_sudanese_coup_d_tat,2021 Sudanese coup d'état,0.5627586206896552,0.17832354461375743,0.0,0.5724137931034483,0.9344827586206896,29,Middle East & Africa,Sub-Saharan Africa,Sudan,politics_elections,2021,10,695,2132,3.07,5,0.6,198
event_plymouth_shooting,Plymouth shooting,0.5606896551724139,0.386611549094158,0.10344827586206896,0.6172413793103447,0.6758620689655171,29,Western Europe,Western Europe,United Kingdom,crime_legal,2021,8,13736,280247,20.4,34,901.1,62
event_2021_israel_palestine_crisis,2021 Israel–Palestine crisis,0.5572413793103448,0.1833575093056926,0.0,0.582758620689655,0.9206896551724139,29,Middle East & Africa,Middle East & North Africa,Israel,conflict_terrorism,2021,5,159497,2086305,13.08,17,1361.8,189
event_bucha_massacre,Bucha massacre,0.5541379310344826,0.15212329938707295,0.0,0.5741379310344827,0.9517241379310345,29,Eastern Europe & Russia,Eastern Europe & Russia,Ukraine,conflict_terrorism,2022,3,171195,1383888,8.08,9,1650.2,192
event_2022_french_legislative_election,2022 French legislative election,0.5524137931034483,0.21931956172347664,0.0,0.6086206896551724,0.8689655172413793,29,Western Europe,Western Europe,France,politics_elections,2022,6,124694,881513,7.07,11,649.5,137
event_2023_men_s_fih_hockey_world_cup,2023 Men's FIH Hockey World Cup,0.5496551724137931,0.3555130606128973,0.034482758620689655,0.6706896551724136,0.6931034482758621,29,South & Southeast Asia,South Asia,India,sports,2023,1,141844,1469669,10.36,21,807.2,100
event_2023_brovary_helicopter_crash,2023 Brovary helicopter crash,0.5465517241379311,0.34082330200073246,0.0,0.6310344827586207,0.7120689655172415,29,Eastern Europe & Russia,Eastern Europe & Russia,Ukraine,accident_disaster,2023,1,21122,212553,10.06,13,138.1,74
event_2021_henan_floods,2021 Henan floods,0.5448275862068965,0.12414176239298227,0.0,0.5758620689655174,0.9413793103448276,29,East Asia,East Asia,China,natural_disaster,2021,7,7478,109972,14.71,19,58.6,123
event_2021_icelandic_parliamentary_election,2021 Icelandic parliamentary election,0.5410344827586206,0.32311356845741435,0.0,0.7017241379310343,0.693103448275862,29,Western Europe,Western Europe,Iceland,politics_elections,2021,9,42703,204628,4.79,4,155.9,81
event_surfside_condominium_collapse,Surfside condominium collapse,0.5389655172413793,0.13020791934139497,0.0,0.5827586206896551,0.9172413793103448,29,Anglo-America & Oceania,North America,United States,accident_disaster,2021,6,12131,575378,47.43,232,1744.1,180
event_death_and_funeral_of_prince_philip_duke_of_edinburgh,"Death and funeral of Prince Philip, Duke of Edinburgh",0.5382758620689654,0.13876472187861705,0.0,0.5734482758620689,0.9206896551724137,29,Western Europe,Western Europe,United Kingdom,royalty_ceremony,2021,4,289444,1042715,3.6,6,765.3,197
event_2022_peruvian_self_coup_attempt,2022 Peruvian self-coup attempt,0.5375862068965517,0.24397081753716013,0.0,0.5637931034482758,0.8482758620689655,29,Latin America,Latin America,Peru,politics_elections,2022,12,26013,183478,7.05,14,101.7,193
event_2021_russian_protests,2021 Russian protests,0.5368965517241379,0.2027246042307721,0.0,0.5586206896551724,0.9,29,Eastern Europe & Russia,Eastern Europe & Russia,Russia,civil_unrest,2021,1,35146,324508,9.23,16,186.1,180
event_2023_israeli_judicial_reform_protests,2023 Israeli judicial reform protests,0.5344827586206896,0.11938307530069776,0.0,0.5489655172413792,0.9689655172413794,29,Middle East & Africa,Middle East & North Africa,Israel,civil_unrest,2023,1,29341,347820,11.85,32,355.2,176
event_29_december_2023_russian_strikes_on_ukraine,29 December 2023 Russian strikes on Ukraine,0.5341379310344828,0.3862419934791579,0.0,0.6362068965517241,0.617241379310345,29,Eastern Europe & Russia,Eastern Europe & Russia,Ukraine,conflict_terrorism,2023,12,5588,33167,5.94,7,18.6,64
event_acquisition_of_credit_suisse_by_ubs,Acquisition of Credit Suisse by UBS,0.5324137931034482,0.18098685744653115,0.0,0.5603448275862067,0.9310344827586206,29,Western Europe,Western Europe,Switzerland,business_tech,2023,3,20578,143549,6.98,10,132.3,171
event_2022_royal_tour_of_canada,2022 royal tour of Canada,0.5306206896551725,0.44362118149992164,0.10344827586206896,0.6368965517241378,0.5862068965517241,29,Anglo-America & Oceania,North America,Canada,royalty_ceremony,2022,5,331,5680,17.16,30,5.8,75
event_2022_state_of_the_union_address,2022 State of the Union Address,0.53,0.21479741859361984,0.0,0.5655172413793104,0.896551724137931,29,Anglo-America & Oceania,North America,United States,politics_elections,2022,3,36776,125157,3.4,4,434.3,125
event_2023_cleveland_texas_shooting,"2023 Cleveland, Texas shooting",0.5279310344827587,0.46438226903649277,0.20689655172413793,0.5655172413793104,0.5448275862068965,29,Anglo-America & Oceania,North America,United States,crime_legal,2023,4,20159,141377,7.01,10,33.4,44
event_2022_belarusian_constitutional_referendum,2022 Belarusian constitutional referendum,0.5275862068965518,0.29529243450978526,0.034482758620689655,0.6206896551724139,0.7517241379310345,29,Eastern Europe & Russia,Eastern Europe & Russia,Belarus,politics_elections,2022,2,24628,91591,3.72,4,39.4,180
event_2023_chinese_balloon_incident,2023 Chinese balloon incident,0.5227586206896552,0.20842424492836617,0.034482758620689655,0.5413793103448276,0.8758620689655172,29,Anglo-America & Oceania,North America,United States,conflict_terrorism,2023,1,47416,534637,11.28,13,874.1,197
event_2021_22_major_league_baseball_lockout,2021–22 Major League Baseball lockout,0.5225517241379309,0.19235089813741113,0.0,0.5744827586206896,0.8758620689655172,29,Anglo-America & Oceania,North America,United States,business_tech,2021,12,12039,233073,19.36,53,92.9,194
event_2022_bronx_apartment_fire,2022 Bronx apartment fire,0.5199999999999999,0.2911333383342677,0.0,0.5706896551724138,0.7689655172413793,29,Anglo-America & Oceania,North America,United States,accident_disaster,2022,1,27676,173651,6.27,13,69.6,188
event_hurricane_fiona,Hurricane Fiona,0.5194827586206897,0.20123045986777674,0.0,0.5672413793103449,0.8862068965517241,29,Latin America,Latin America,Puerto Rico,natural_disaster,2022,9,26364,454348,17.23,24,473.6,176
event_heidelberg_university_shooting,Heidelberg University shooting,0.5193103448275863,0.4052834770744254,0.13793103448275862,0.5793103448275863,0.610344827586207,29,Western Europe,Western Europe,Germany,crime_legal,2022,1,8758,66842,7.63,9,86.2,79
event_2023_asia_cup,2023 Asia Cup,0.5148275862068965,0.28561634128917585,0.034482758620689655,0.5662068965517241,0.7862068965517242,29,South & Southeast Asia,South Asia,Pakistan,sports,2023,8,873775,11169094,12.78,21,1630.5,180
event_red_sea_crisis,Red Sea crisis,0.5144827586206896,0.29272307976460066,0.06896551724137931,0.5413793103448274,0.7517241379310344,29,Middle East & Africa,Middle East & North Africa,Yemen,conflict_terrorism,2023,10,19411,929299,47.87,132,1635.4,183
event_juliaca_massacre,Juliaca massacre,0.5141379310344828,0.32949823129010203,0.13793103448275862,0.5603448275862067,0.6999999999999997,29,Latin America,Latin America,Peru,civil_unrest,2023,1,3263,34401,10.54,17,44.8,191
event_2021_london_mayoral_election,2021 London mayoral election,0.5134482758620689,0.19318163441781336,0.0,0.5568965517241379,0.8862068965517241,29,Western Europe,Western Europe,United Kingdom,politics_elections,2021,5,114920,1026411,8.93,15,565.8,178
event_2022_brazilian_general_election,2022 Brazilian general election,0.5120689655172413,0.15825294703024467,0.0,0.5499999999999999,0.9103448275862068,29,Latin America,Latin America,Brazil,politics_elections,2022,10,788593,2690271,3.41,4,681.9,185
event_2021_california_gubernatorial_recall_election,2021 California gubernatorial recall election,0.5120689655172412,0.1824049929433237,0.0,0.5724137931034482,0.8689655172413793,29,Anglo-America & Oceania,North America,United States,politics_elections,2021,8,217033,1575000,7.26,7,940.2,194
event_cpc_and_world_political_parties_summit,CPC and World Political Parties Summit,0.5094827586206897,0.29336438689083966,0.06896551724137931,0.5465517241379311,0.7999999999999999,29,East Asia,East Asia,China,politics_elections,2021,7,118,2251,19.08,41,6.3,84
event_2021_kabul_airport_attack,2021 Kabul airport attack,0.5093103448275862,0.15631380980055426,0.034482758620689655,0.5406896551724137,0.9034482758620691,29,South & Southeast Asia,South Asia,Afghanistan,conflict_terrorism,2021,8,64983,378246,5.82,13,217.5,161
event_2023_fiba_basketball_world_cup,2023 FIBA Basketball World Cup,0.506896551724138,0.2418478211785234,0.0,0.5655172413793103,0.8172413793103448,29,South & Southeast Asia,Southeast Asia,International,sports,2023,8,328639,3779428,11.5,19,2750.0,192
event_2023_sag_aftra_strike,2023 SAG-AFTRA strike,0.5044827586206897,0.2713641935937824,0.06896551724137931,0.5465517241379311,0.7827586206896552,29,Anglo-America & Oceania,North America,United States,civil_unrest,2023,7,68278,1889780,27.68,119,1023.8,199
event_2022_swedish_general_election,2022 Swedish general election,0.5044827586206896,0.2690159103985532,0.0,0.556896551724138,0.806896551724138,29,Western Europe,Western Europe,Sweden,politics_elections,2022,9,154925,1184728,7.65,14,717.8,198
event_2022_united_nations_climate_change_conference,2022 United Nations Climate Change Conference,0.5032758620689656,0.08570474438713256,0.0,0.5362068965517242,0.9379310344827587,29,Middle East & Africa,Middle East & North Africa,Egypt,politics_elections,2022,11,22816,364936,15.99,28,280.4,141
event_2021_imperial_county_car_crash,2021 Imperial County car crash,0.5027586206896552,0.4307002842342652,0.13793103448275862,0.5948275862068966,0.5793103448275861,29,Anglo-America & Oceania,North America,United States,accident_disaster,2021,3,136,3346,24.6,61,4.4,50
event_2023_rajasthan_legislative_assembly_election,2023 Rajasthan Legislative Assembly election,0.5025862068965518,0.33056540040917975,0.06896551724137931,0.5579310344827586,0.7034482758620688,29,South & Southeast Asia,South Asia,India,politics_elections,2023,11,180140,1112006,6.17,10,430.5,86
event_2022_crimean_bridge_explosion,2022 Crimean Bridge explosion,0.5013793103448275,0.15992938394116396,0.0,0.5482758620689655,0.8965517241379309,29,Eastern Europe & Russia,Eastern Europe & Russia,Ukraine,conflict_terrorism,2022,10,51604,329058,6.38,13,207.0,190
event_2022_peshawar_mosque_attack,2022 Peshawar mosque attack,0.5010344827586207,0.39298455552337536,0.1724137931034483,0.5689655172413794,0.606896551724138,29,South & Southeast Asia,South Asia,Pakistan,conflict_terrorism,2022,3,19572,135788,6.94,14,130.4,62
event_world_chess_championship_2021,World Chess Championship 2021,0.49482758620689654,0.26997599752385615,0.0,0.596551724137931,0.7655172413793103,29,Middle East & Africa,Middle East & North Africa,United Arab Emirates,sports,2021,11,56489,1180071,20.89,27,500.5,184
event_2022_french_presidential_election,2022 French presidential election,0.4941379310344827,0.19609141501859595,0.0,0.5282758620689655,0.9103448275862068,29,Western Europe,Western Europe,France,politics_elections,2022,4,265945,2602989,9.79,23,1723.8,178
event_protests_against_the_imprisonment_of_pablo_has_l,Protests against the imprisonment of Pablo Hasél,0.4941379310344827,0.22203630087457368,0.034482758620689655,0.5396551724137931,0.8275862068965517,29,Western Europe,Western Europe,Spain,civil_unrest,2021,2,670,7018,10.47,16,5.2,159
event_assassination_of_vladlen_tatarsky,Assassination of Vladlen Tatarsky,0.4937931034482758,0.30928631744604246,0.0,0.5406896551724137,0.7344827586206897,29,Eastern Europe & Russia,Eastern Europe & Russia,Russia,conflict_terrorism,2023,4,4078,30241,7.42,8,156.4,111
event_2020_summer_olympics,2020 Summer Olympics,0.49241379310344824,0.1511485949017879,0.0,0.5310344827586206,0.9172413793103448,29,East Asia,East Asia,Japan,sports,2021,7,685967,13291970,19.38,31,3761.3,198
event_2021_rio_de_janeiro_shootout,2021 Rio de Janeiro shootout,0.4890344827586207,0.28762984866912217,0.10344827586206896,0.57,0.6827586206896551,29,Latin America,Latin America,Brazil,conflict_terrorism,2021,5,2232,12178,5.46,6,13.9,58
event_2021_kyrgyzstan_tajikistan_clashes,2021 Kyrgyzstan–Tajikistan clashes,0.48758620689655174,0.27094540959788205,0.0,0.5189655172413793,0.8379310344827586,29,South & Southeast Asia,Central Asia & Caucasus,Kyrgyzstan,conflict_terrorism,2021,4,2337,51241,21.93,49,415.0,44
event_2022_italian_general_election,2022 Italian general election,0.4862068965517241,0.17621330712409317,0.0,0.5275862068965517,0.8896551724137931,29,Western Europe,Western Europe,Italy,politics_elections,2022,9,299175,1489307,4.98,6,938.3,193
event_2021_dali_earthquake,2021 Dali earthquake,0.48475862068965514,0.36637776389125964,0.06896551724137931,0.5824137931034483,0.6137931034482758,29,East Asia,East Asia,China,natural_disaster,2021,5,999,7406,7.41,7,6.2,47
event_2021_hualien_train_derailment,2021 Hualien train derailment,0.4844827586206897,0.3195426279575938,0.06896551724137931,0.5896551724137933,0.6620689655172414,29,East Asia,East Asia,Taiwan,accident_disaster,2021,4,13096,51464,3.93,5,34.7,150
event_2021_fifa_arab_cup,2021 FIFA Arab Cup,0.4813793103448276,0.2802920169115631,0.0,0.6,0.7206896551724139,29,Middle East & Africa,Middle East & North Africa,Qatar,sports,2021,11,62553,1042934,16.67,25,343.0,199
event_seoul_halloween_crowd_crush,Seoul Halloween crowd crush,0.47999999999999987,0.15211157429493247,0.0,0.5241379310344827,0.896551724137931,29,East Asia,East Asia,South Korea,accident_disaster,2022,10,135940,1087097,8.0,8,1441.9,190
event_2021_european_floods,2021 European floods,0.4786206896551725,0.16598138944141805,0.034482758620689655,0.5137931034482759,0.8931034482758619,29,Western Europe,Western Europe,International,natural_disaster,2021,7,53136,446267,8.4,11,188.8,180
event_2022_central_american_and_caribbean_beach_games,2022 Central American and Caribbean Beach Games,0.47862068965517246,0.29412317543940475,0.0,0.6224137931034484,0.6999999999999997,29,Latin America,Latin America,Colombia,sports,2022,11,149,3075,20.64,39,3.6,59
event_2023_paraguayan_general_election,2023 Paraguayan general election,0.4755172413793104,0.28917941223634075,0.0,0.5551724137931033,0.7310344827586207,29,Latin America,Latin America,Paraguay,politics_elections,2023,4,24845,162856,6.55,8,83.8,105
event_ateneo_de_manila_university_shooting,Ateneo de Manila University shooting,0.47448275862068967,0.4610302272003323,0.06896551724137931,0.5448275862068965,0.5379310344827586,29,South & Southeast Asia,Southeast Asia,Philippines,crime_legal,2022,7,2587,21576,8.34,7,38.5,57
event_2023_rugby_world_cup_final,2023 Rugby World Cup final,0.4737931034482758,0.2963271001735501,0.034482758620689655,0.5741379310344826,0.7068965517241381,29,Western Europe,Western Europe,France,sports,2023,10,7972,114382,14.35,17,205.2,121
event_2021_flores_earthquake,2021 Flores earthquake,0.4731034482758621,0.3461497926528725,0.034482758620689655,0.6655172413793102,0.5724137931034482,29,South & Southeast Asia,Southeast Asia,Indonesia,natural_disaster,2021,12,347,4248,12.24,20,10.8,42
event_2021_canadian_federal_election,2021 Canadian federal election,0.47289655172413786,0.23357644319514673,0.0,0.533103448275862,0.8103448275862069,29,Anglo-America & Oceania,North America,Canada,politics_elections,2021,9,623058,3019295,4.85,4,2000.2,178
event_2020_summer_olympics_opening_ceremony,2020 Summer Olympics opening ceremony,0.4717241379310344,0.16203594674654737,0.0,0.5379310344827586,0.8551724137931034,29,East Asia,East Asia,Japan,sports,2021,7,74654,350109,4.69,9,67.3,174
event_2021_czech_parliamentary_election,2021 Czech parliamentary election,0.4689655172413793,0.26929467039025207,0.0,0.6120689655172413,0.6758620689655173,29,Eastern Europe & Russia,Eastern Europe & Russia,Czech Republic,politics_elections,2021,10,161,1504,9.34,12,2.0,200
event_mariupol_hospital_airstrike,Mariupol hospital airstrike,0.46862068965517234,0.21152523511198265,0.0,0.5206896551724137,0.8206896551724137,29,Eastern Europe & Russia,Eastern Europe & Russia,Ukraine,conflict_terrorism,2022,3,2621,62183,23.72,47,80.3,146
event_2023_sierra_leonean_general_election,2023 Sierra Leonean general election,0.46827586206896543,0.265811301561935,0.06896551724137931,0.5103448275862069,0.7551724137931035,29,Middle East & Africa,Sub-Saharan Africa,Sierra Leone,politics_elections,2023,6,5984,66799,11.16,17,49.2,142
event_inauguration_of_javier_milei,Inauguration of Javier Milei,0.46717241379310337,0.28656179076886085,0.034482758620689655,0.5013793103448275,0.7517241379310345,29,Latin America,Latin America,Argentina,royalty_ceremony,2023,12,7777,45172,5.81,5,34.3,78
event_2022_covid_19_protests_in_china,2022 COVID-19 protests in China,0.46379310344827585,0.3024430843361811,0.20689655172413793,0.48275862068965514,0.713793103448276,29,East Asia,East Asia,China,civil_unrest,2022,11,36523,277052,7.59,12,164.4,198
event_coronation_concert,Coronation Concert,0.45896551724137935,0.2953004878446431,0.034482758620689655,0.49275862068965515,0.7448275862068965,29,Western Europe,Western Europe,United Kingdom,entertainment_culture,2023,5,5881,46987,7.99,5,57.5,66
event_october_2021_tehreek_e_labbaik_pakistan_protests,October 2021 Tehreek-e-Labbaik Pakistan protests,0.4575862068965517,0.31478131623577915,0.034482758620689655,0.49310344827586217,0.7206896551724138,29,South & Southeast Asia,South Asia,Pakistan,civil_unrest,2021,10,1264,13850,10.96,16,9.4,56
event_2022_winter_paralympics,2022 Winter Paralympics,0.45655172413793105,0.22234294514476516,0.0,0.5331034482758621,0.7999999999999998,29,East Asia,East Asia,China,sports,2022,3,37791,307813,8.15,14,124.7,192
event_2023_caquet_cessna_stationair_crash,2023 Caquetá Cessna Stationair crash,0.45655172413793105,0.45101629194572956,0.20689655172413793,0.506896551724138,0.49310344827586206,29,Latin America,Latin America,Colombia,accident_disaster,2023,5,732,17783,24.29,55,21.4,87
event_2023_prague_shootings,2023 Prague shootings,0.4555172413793104,0.36566977949205665,0.1724137931034483,0.47068965517241385,0.6310344827586206,29,Western Europe,Western Europe,Czech Republic,crime_legal,2023,12,1125,79930,71.05,315,191.3,157
event_2023_rugby_world_cup,2023 Rugby World Cup,0.4537931034482757,0.20705511165576762,0.0,0.5344827586206896,0.8034482758620689,29,Western Europe,Western Europe,France,sports,2023,9,199005,4363377,21.93,54,1153.2,195
event_2022_nauruan_parliamentary_election,2022 Nauruan parliamentary election,0.4520689655172414,0.37843943906107474,0.034482758620689655,0.5862068965517241,0.5689655172413793,29,Anglo-America & Oceania,Oceania,Nauru,politics_elections,2022,9,5147,33233,6.46,9,16.0,41
event_2021_salisbury_rail_crash,2021 Salisbury rail crash,0.45103448275862074,0.4311599817300095,0.06896551724137931,0.5827586206896551,0.503448275862069,29,Western Europe,Western Europe,United Kingdom,accident_disaster,2021,10,6461,38803,6.01,8,39.0,50
event_2021_maharashtra_floods,2021 Maharashtra floods,0.4486206896551725,0.1734780943724901,0.06896551724137931,0.46724137931034493,0.8896551724137931,29,South & Southeast Asia,South Asia,India,natural_disaster,2021,7,10598,77869,7.35,7,85.8,95
event_2023_uefa_champions_league_final,2023 UEFA Champions League final,0.44758620689655165,0.19815798595049658,0.034482758620689655,0.48620689655172405,0.8448275862068966,29,Middle East & Africa,Middle East & North Africa,Turkey,sports,2023,6,201136,1172912,5.83,5,2565.8,193
event_2022_r_mqi_fire,2022 Ürümqi fire,0.44758620689655165,0.31303470307138737,0.10344827586206896,0.49310344827586194,0.6689655172413793,29,East Asia,East Asia,China,accident_disaster,2022,11,31961,143814,4.5,11,36.4,124
event_cyclone_tauktae,Cyclone Tauktae,0.4472413793103448,0.1548056969397252,0.0,0.49310344827586206,0.889655172413793,29,South & Southeast Asia,South Asia,India,natural_disaster,2021,5,23446,425769,18.16,35,214.8,177
event_2022_plateau_state_massacres,2022 Plateau State massacres,0.4463793103448276,0.3116444054270943,0.13793103448275862,0.5303448275862068,0.6586206896551723,29,Middle East & Africa,Sub-Saharan Africa,Nigeria,conflict_terrorism,2022,4,7231,41787,5.78,7,7.0,41
event_2021_greece_wildfires,2021 Greece wildfires,0.4444827586206897,0.208054803902416,0.034482758620689655,0.4913793103448275,0.8172413793103448,29,Western Europe,Western Europe,Greece,natural_disaster,2021,8,7657,82821,10.82,16,96.7,191
event_2021_uefa_champions_league_final,2021 UEFA Champions League final,0.44413793103448274,0.2282242883713649,0.0,0.5275862068965517,0.7689655172413792,29,Western Europe,Western Europe,Portugal,sports,2021,5,20,1362,68.1,266,2.7,195
event_2023_atlanta_shooting,2023 Atlanta shooting,0.4424137931034482,0.4900503504913009,0.20689655172413793,0.45517241379310347,0.4551724137931034,29,Anglo-America & Oceania,North America,United States,crime_legal,2023,5,13066,59064,4.52,6,33.3,57
event_2022_ya_an_earthquake,2022 Ya'an earthquake,0.4420689655172414,0.399684179721464,0.1724137931034483,0.5051724137931035,0.5413793103448277,29,East Asia,East Asia,China,natural_disaster,2022,6,1109,9059,8.17,11,6.7,55
event_2023_united_nations_climate_change_conference,2023 United Nations Climate Change Conference,0.44172413793103443,0.20423227083848197,0.06896551724137931,0.4620689655172414,0.8482758620689655,29,Middle East & Africa,Middle East & North Africa,United Arab Emirates,science_space,2023,11,25379,439742,17.33,28,340.0,167
event_2023_argentine_general_election,2023 Argentine general election,0.43965517241379304,0.27044640948676063,0.034482758620689655,0.4896551724137931,0.7551724137931034,29,Latin America,Latin America,Argentina,politics_elections,2023,10,170433,1313048,7.7,9,535.2,193
event_2022_mediterranean_games,2022 Mediterranean Games,0.43827586206896557,0.19406840183237992,0.0,0.5344827586206896,0.7827586206896552,29,Middle East & Africa,Middle East & North Africa,Algeria,sports,2022,6,22355,282305,12.63,15,78.4,110
event_2022_fifa_world_cup,2022 FIFA World Cup,0.43827586206896546,0.1459113799423151,0.034482758620689655,0.46655172413793106,0.8999999999999999,29,Middle East & Africa,Middle East & North Africa,Qatar,sports,2022,11,1866116,39302580,21.06,39,11765.2,198
event_2022_russian_invasion_of_ukraine,2022 Russian invasion of Ukraine,0.4372413793103449,0.10408539437517364,0.0,0.4413793103448277,0.9896551724137931,29,Eastern Europe & Russia,Eastern Europe & Russia,Ukraine,conflict_terrorism,2022,2,2095287,51992090,24.81,51,48373.4,192
event_2023_beninese_parliamentary_election,2023 Beninese parliamentary election,0.43655172413793103,0.34116712318935893,0.034482758620689655,0.5362068965517242,0.6275862068965516,29,Middle East & Africa,Sub-Saharan Africa,Benin,politics_elections,2023,1,10999,60919,5.54,15,31.7,56
event_nduga_hostage_crisis,Nduga hostage crisis,0.4348275862068965,0.3940910160028691,0.10344827586206896,0.5120689655172415,0.5689655172413793,29,South & Southeast Asia,Southeast Asia,Indonesia,conflict_terrorism,2023,2,1981,32763,16.54,12,105.4,50
event_2023_turkish_presidential_election,2023 Turkish presidential election,0.4331034482758621,0.12684781672854697,0.0,0.4620689655172414,0.9241379310344828,29,Middle East & Africa,Middle East & North Africa,Turkey,politics_elections,2023,5,488507,1877681,3.84,6,1083.8,199
event_assassination_of_jovenel_mo_se,Assassination of Jovenel Moïse,0.43206896551724144,0.1678131002724989,0.0,0.4655172413793104,0.8827586206896553,29,Latin America,Latin America,Haiti,crime_legal,2021,7,107690,585557,5.44,7,281.0,167
event_battle_of_bakhmut,Battle of Bakhmut,0.4317241379310345,0.21658905893844924,0.13793103448275862,0.4517241379310345,0.8137931034482758,29,Eastern Europe & Russia,Eastern Europe & Russia,Ukraine,conflict_terrorism,2022,5,24291,1610541,66.3,194,10923.8,182
event_september_2022_armenia_azerbaijan_clashes,September 2022 Armenia–Azerbaijan clashes,0.4303448275862069,0.20378289256174653,0.0,0.4793103448275862,0.8448275862068966,29,South & Southeast Asia,Central Asia & Caucasus,Armenia,conflict_terrorism,2022,9,55162,341229,6.19,8,164.1,189
event_2023_turkish_parliamentary_election,2023 Turkish parliamentary election,0.42896551724137927,0.19564825629238228,0.0,0.47379310344827585,0.8344827586206897,29,Middle East & Africa,Middle East & North Africa,Turkey,politics_elections,2023,5,76478,411736,5.38,8,487.6,188
event_2023_russian_elections,2023 Russian elections,0.4282758620689654,0.29037513151708977,0.06896551724137931,0.4344827586206895,0.7448275862068966,29,Eastern Europe & Russia,Eastern Europe & Russia,Russia,politics_elections,2023,9,4489,47645,10.61,11,60.4,57
event_2023_ankara_bombing,2023 Ankara bombing,0.42775862068965514,0.3962095975418874,0.20689655172413793,0.4689655172413793,0.5379310344827586,29,Middle East & Africa,Middle East & North Africa,Turkey,conflict_terrorism,2023,10,4217,30172,7.15,8,41.8,76
event_2023_emilia_romagna_floods,2023 Emilia-Romagna floods,0.4275862068965518,0.22956713648642718,0.034482758620689655,0.47931034482758617,0.803448275862069,29,Western Europe,Western Europe,Italy,natural_disaster,2023,5,22843,148486,6.5,14,57.0,126
event_2023_venezuelan_referendum,2023 Venezuelan referendum,0.42482758620689653,0.34316599672456877,0.10344827586206896,0.4375862068965517,0.603448275862069,29,Latin America,Latin America,Venezuela,politics_elections,2023,12,31628,168208,5.32,12,33.6,199
event_sanaa_crowd_crush,Sanaa crowd crush,0.4248275862068965,0.4026260410035267,0.2413793103448276,0.489655172413793,0.5206896551724138,29,Middle East & Africa,Middle East & North Africa,Yemen,accident_disaster,2023,4,11249,43988,3.91,5,3.6,69
event_2023_montenegrin_presidential_election,2023 Montenegrin presidential election,0.4244827586206896,0.28964408845788114,0.034482758620689655,0.46896551724137925,0.7103448275862069,29,Eastern Europe & Russia,Eastern Europe & Russia,Montenegro,politics_elections,2023,3,20974,211652,10.09,17,60.7,188
event_2021_russian_grand_prix,2021 Russian Grand Prix,0.42137931034482756,0.32038472710952,0.034482758620689655,0.5448275862068965,0.6275862068965516,29,Eastern Europe & Russia,Eastern Europe & Russia,Russia,sports,2021,9,23466,204710,8.72,11,248.6,167
event_2022_russian_mobilization,2022 Russian mobilization,0.4189655172413793,0.10353559533124115,0.0,0.4275862068965518,0.9586206896551724,29,Eastern Europe & Russia,Eastern Europe & Russia,Russia,politics_elections,2022,9,22845,311661,13.64,15,294.5,177
event_2022_kusel_shooting,2022 Kusel shooting,0.4189655172413793,0.4461045557635657,0.13793103448275862,0.5172413793103449,0.4689655172413793,29,Western Europe,Western Europe,Germany,crime_legal,2022,1,907,4937,5.44,9,9.1,50
event_2021_chilean_general_election,2021 Chilean general election,0.4175862068965517,0.1560869601218985,0.0,0.4793103448275862,0.8482758620689655,29,Latin America,Latin America,Chile,politics_elections,2021,11,81825,647597,7.91,9,427.0,193
event_2023_nottingham_attacks,2023 Nottingham attacks,0.4163793103448276,0.3745730823947402,0.20689655172413793,0.46896551724137936,0.5413793103448276,29,Western Europe,Western Europe,United Kingdom,conflict_terrorism,2023,6,11772,153774,13.06,23,396.2,177
event_swimming_at_the_2020_summer_olympics,Swimming at the 2020 Summer Olympics,0.41586206896551714,0.19030859225314695,0.0,0.5344827586206896,0.7620689655172413,29,East Asia,East Asia,Japan,sports,2021,7,121725,1383196,11.36,17,582.1,92
event_2023_visit_by_joe_biden_to_ukraine,2023 visit by Joe Biden to Ukraine,0.41444827586206895,0.2222058049160882,0.06896551724137931,0.44724137931034486,0.7931034482758621,29,Eastern Europe & Russia,Eastern Europe & Russia,Ukraine,politics_elections,2023,2,8242,70279,8.53,11,57.7,196
event_2021_nrl_grand_final,2021 NRL Grand Final,0.41344827586206906,0.24698563216719174,0.0,0.5465517241379311,0.686206896551724,29,Anglo-America & Oceania,Oceania,Australia,sports,2021,10,9762,85355,8.74,13,416.0,191
event_2021_israeli_presidential_election,2021 Israeli presidential election,0.41241379310344817,0.2540520605405961,0.034482758620689655,0.5206896551724137,0.6862068965517242,29,Middle East & Africa,Middle East & North Africa,Israel,politics_elections,2021,6,16207,86783,5.35,7,50.5,191
event_2022_azadi_march,2022 Azadi march,0.4118965517241379,0.2781292610463314,0.034482758620689655,0.48965517241379314,0.6724137931034483,29,South & Southeast Asia,South Asia,Pakistan,civil_unrest,2022,5,1341,13675,10.2,17,3.0,133
event_2021_nba_playoffs,2021 NBA playoffs,0.41103448275862065,0.20601882785713788,0.0,0.4762068965517242,0.8103448275862069,29,Anglo-America & Oceania,North America,United States,sports,2021,5,37514,1456239,38.82,94,2718.2,195
event_2023_chilean_constitutional_referendum,2023 Chilean constitutional referendum,0.40896551724137925,0.30421572232133415,0.06896551724137931,0.4793103448275861,0.6137931034482759,29,Latin America,Latin America,Chile,politics_elections,2023,12,9370,48818,5.21,3,46.7,78
event_2021_northern_ireland_riots,2021 Northern Ireland riots,0.4086206896551724,0.2466985335758806,0.034482758620689655,0.4448275862068965,0.7965517241379311,29,Western Europe,Western Europe,United Kingdom,civil_unrest,2021,3,49790,196390,3.94,5,111.1,112
event_death_and_funeral_of_mikhail_gorbachev,Death and funeral of Mikhail Gorbachev,0.40758620689655173,0.17767958709941684,0.0,0.45862068965517244,0.8379310344827585,29,Eastern Europe & Russia,Eastern Europe & Russia,Russia,royalty_ceremony,2022,8,3986,58303,14.63,12,113.3,132
event_platinum_jubilee_of_elizabeth_ii,Platinum Jubilee of Elizabeth II,0.4055172413793104,0.1509872387139356,0.034482758620689655,0.43793103448275866,0.8758620689655172,29,Western Europe,Western Europe,United Kingdom,royalty_ceremony,2022,2,76776,1132183,14.75,27,600.2,194
event_2023_dublin_riot,2023 Dublin riot,0.40448275862068955,0.31031225882745417,0.1724137931034483,0.42758620689655163,0.6241379310344828,29,Western Europe,Western Europe,Ireland,civil_unrest,2023,11,25300,198960,7.86,13,129.6,192
event_nahel_merzouk_riots,Nahel Merzouk riots,0.4017241379310345,0.1749693365355916,0.0,0.43448275862068964,0.8344827586206897,29,Western Europe,Western Europe,France,civil_unrest,2023,6,2433,74644,30.68,71,110.0,140
event_2021_toronto_international_film_festival,2021 Toronto International Film Festival,0.4013793103448276,0.16023095697129866,0.0,0.44655172413793115,0.8620689655172412,29,Anglo-America & Oceania,North America,Canada,entertainment_culture,2021,9,4155,135880,32.7,63,178.2,145
event_police_operations_in_the_2022_brazilian_general_election,Police operations in the 2022 Brazilian general election,0.4010344827586207,0.354491815260665,0.0,0.4448275862068965,0.6862068965517241,29,Latin America,Latin America,Brazil,politics_elections,2022,10,136,1800,13.24,26,1.7,71
event_2022_maryland_question_4,2022 Maryland Question 4,0.3968965517241379,0.40167840497416857,0.10344827586206896,0.4637931034482758,0.503448275862069,29,Anglo-America & Oceania,North America,United States,politics_elections,2022,11,485,9946,20.51,20,13.5,61
event_2022_israeli_legislative_election,2022 Israeli legislative election,0.396551724137931,0.189868845151321,0.0,0.4482758620689655,0.8241379310344827,29,Middle East & Africa,Middle East & North Africa,Israel,politics_elections,2022,11,118410,965662,8.16,9,2141.5,193
event_afaka_kidnapping,Afaka kidnapping,0.39482758620689645,0.30758929950509606,0.10344827586206896,0.42241379310344823,0.6655172413793103,29,Middle East & Africa,Sub-Saharan Africa,Nigeria,conflict_terrorism,2021,3,256,6688,26.12,59,13.0,69
event_2022_indonesian_student_protests,2022 Indonesian student protests,0.3931034482758621,0.33457233070125214,0.10344827586206896,0.4489655172413793,0.6172413793103447,29,South & Southeast Asia,Southeast Asia,Indonesia,civil_unrest,2022,4,652,9106,13.97,20,7.8,129
event_2022_guizhou_bus_crash,2022 Guizhou bus crash,0.3927586206896553,0.34315872020578164,0.10344827586206896,0.4689655172413793,0.5724137931034483,29,East Asia,East Asia,China,accident_disaster,2022,9,1016,9387,9.24,11,5.3,81
event_2023_sea_games,2023 SEA Games,0.39275862068965506,0.14915616791029362,0.0,0.4527586206896551,0.8379310344827585,29,South & Southeast Asia,Southeast Asia,Cambodia,sports,2023,5,122474,641029,5.23,6,212.1,183
event_2022_saskatchewan_stabbings,2022 Saskatchewan stabbings,0.39017241379310347,0.2997771665484694,0.06896551724137931,0.49655172413793097,0.5672413793103449,29,Anglo-America & Oceania,North America,Canada,crime_legal,2022,9,99086,430529,4.35,7,121.7,184
event_karate_at_the_2020_summer_olympics,Karate at the 2020 Summer Olympics,0.3899999999999999,0.21666755083816058,0.0,0.4827586206896552,0.7275862068965516,29,East Asia,East Asia,Japan,sports,2021,8,60608,293060,4.84,9,102.8,183
event_2021_japanese_general_election,2021 Japanese general election,0.3886206896551724,0.1638486294268024,0.034482758620689655,0.446551724137931,0.8310344827586207,29,East Asia,East Asia,Japan,politics_elections,2021,10,51486,538718,10.46,13,345.4,194
event_2023_grand_national,2023 Grand National,0.3832413793103448,0.2443323986833784,0.0,0.45034482758620686,0.7034482758620689,29,Western Europe,Western Europe,United Kingdom,sports,2023,4,27738,76508,2.76,4,95.2,147
event_2023_detroit_casino_strike,2023 Detroit casino strike,0.3831034482758621,0.34613235905952133,0.10344827586206896,0.45862068965517244,0.5275862068965518,29,Anglo-America & Oceania,North America,United States,business_tech,2023,10,174,3350,19.25,41,1.4,81
event_2023_french_senate_election,2023 French Senate election,0.37982758620689655,0.2788661858021312,0.06896551724137931,0.43620689655172407,0.6448275862068965,29,Western Europe,Western Europe,France,politics_elections,2023,9,2303,47012,20.41,48,122.3,43
event_2023_dengue_outbreak_in_bangladesh,2023 dengue outbreak in Bangladesh,0.3786206896551724,0.23872829943525448,0.0,0.39655172413793105,0.8206896551724138,29,South & Southeast Asia,South Asia,Bangladesh,health,2023,4,545,12993,23.84,96,19.2,199
event_2023_south_american_u_20_championship,2023 South American U-20 Championship,0.3772068965517241,0.26700476288020303,0.0,0.5441379310344827,0.6137931034482759,29,Latin America,Latin America,Colombia,sports,2023,1,17794,354552,19.93,32,95.6,194
event_2023_doda_bus_accident,2023 Doda bus accident,0.3751724137931034,0.394318449021855,0.1724137931034483,0.48275862068965525,0.4413793103448275,29,South & Southeast Asia,South Asia,India,accident_disaster,2023,11,883,5504,6.23,9,2.2,44
event_2021_palmas_fr_plane_crash,2021 Palmas FR plane crash,0.37206896551724133,0.3950502308554316,0.1724137931034483,0.48275862068965514,0.4620689655172413,29,Latin America,Latin America,Brazil,accident_disaster,2021,1,2948,37170,12.61,12,43.8,85
event_2023_northwest_territories_general_election,2023 Northwest Territories general election,0.37137931034482763,0.2810660020403974,0.034482758620689655,0.42068965517241386,0.6655172413793101,29,Anglo-America & Oceania,North America,Canada,politics_elections,2023,11,1348,16533,12.26,26,28.9,143
event_2021_luxian_earthquake,2021 Luxian earthquake,0.3706896551724138,0.28735333331779295,0.1724137931034483,0.44482758620689644,0.596551724137931,29,East Asia,East Asia,China,natural_disaster,2021,9,91,2694,29.6,88,2.4,105
event_2021_nobel_peace_prize,2021 Nobel Peace Prize,0.36965517241379314,0.20508169538891313,0.13793103448275862,0.3896551724137931,0.786206896551724,29,Western Europe,Western Europe,Norway,entertainment_culture,2021,10,17466,249408,14.28,16,190.9,158
event_2022_fifa_world_cup_final,2022 FIFA World Cup final,0.3675862068965518,0.05840731959407221,0.0,0.3748275862068966,0.9793103448275862,29,Middle East & Africa,Middle East & North Africa,Qatar,sports,2022,12,35012,1116740,31.9,54,3747.5,172
event_2022_23_national_t20_cup,2022–23 National T20 Cup,0.366551724137931,0.2763216000151968,0.0,0.5137931034482758,0.596551724137931,29,South & Southeast Asia,South Asia,Pakistan,sports,2022,8,730,9685,13.27,18,9.3,73
event_cyclone_batsirai,Cyclone Batsirai,0.36637931034482757,0.1544673637649387,0.0,0.4189655172413793,0.8344827586206897,29,Middle East & Africa,Sub-Saharan Africa,Madagascar,natural_disaster,2022,1,15717,154914,9.86,19,55.5,194
event_2023_saint_henri_sainte_anne_provincial_by_election,2023 Saint-Henri—Sainte-Anne provincial by-election,0.36631034482758623,0.3723422696324627,0.06896551724137931,0.4596551724137931,0.4862068965517241,29,Anglo-America & Oceania,North America,Canada,politics_elections,2023,3,1369,8471,6.19,6,5.7,43
event_2021_fukushima_earthquake,2021 Fukushima earthquake,0.36517241379310345,0.20376830469339896,0.06896551724137931,0.5241379310344827,0.603448275862069,29,East Asia,East Asia,Japan,natural_disaster,2021,2,10548,147830,14.01,16,218.6,196
event_belgrade_school_shooting,Belgrade school shooting,0.363448275862069,0.26602146480764793,0.06896551724137931,0.4517241379310345,0.6344827586206897,29,Eastern Europe & Russia,Eastern Europe & Russia,Serbia,crime_legal,2023,5,4940,394394,79.84,341,1204.2,200
event_kostroma_caf_fire,Kostroma café fire,0.3618965517241379,0.33071086911927555,0.10344827586206896,0.4931034482758621,0.5103448275862069,29,Eastern Europe & Russia,Eastern Europe & Russia,Russia,accident_disaster,2022,11,2114,9623,4.55,4,10.0,52
event_2022_ekiti_state_gubernatorial_election,2022 Ekiti State gubernatorial election,0.3617241379310344,0.2428575425410634,0.0,0.4489655172413793,0.6758620689655173,29,Middle East & Africa,Sub-Saharan Africa,Nigeria,politics_elections,2022,6,4479,32160,7.18,13,9.3,194
event_2023_pan_american_games,2023 Pan American Games,0.3610344827586207,0.14997344196122853,0.034482758620689655,0.4075862068965518,0.8344827586206897,29,Latin America,Latin America,Chile,sports,2023,10,16021,389809,24.33,46,714.1,122
event_united_states_at_the_2020_summer_olympics,United States at the 2020 Summer Olympics,0.36068965517241375,0.15281115310629065,0.0,0.4462068965517242,0.7862068965517242,29,East Asia,East Asia,Japan,sports,2021,7,87286,1228330,14.07,18,200.4,193
event_2021_maduo_earthquake,2021 Maduo earthquake,0.35937931034482756,0.2538444288431337,0.06896551724137931,0.4268965517241379,0.6586206896551723,29,East Asia,East Asia,China,natural_disaster,2021,5,619,10752,17.37,31,17.0,127
event_2022_wimbledon_championships_men_s_singles,2022 Wimbledon Championships – Men's singles,0.3589655172413794,0.21296502590616895,0.0,0.42068965517241386,0.7344827586206896,29,Western Europe,Western Europe,United Kingdom,sports,2022,6,105188,1668241,15.86,24,450.3,189
event_hurricane_ian,Hurricane Ian,0.3582758620689655,0.13038587202705987,0.0,0.43103448275862066,0.8137931034482758,29,Anglo-America & Oceania,North America,United States,natural_disaster,2022,9,120641,1843621,15.28,24,3598.5,196
event_2022_2023_philippine_sugar_crisis,2022–2023 Philippine sugar crisis,0.3575862068965517,0.2123538876565573,0.034482758620689655,0.37586206896551727,0.8241379310344829,29,South & Southeast Asia,Southeast Asia,Philippines,business_tech,2022,8,141,10396,73.73,188,24.3,129
event_2023_bulgarian_parliamentary_election,2023 Bulgarian parliamentary election,0.35586206896551725,0.24520951268855937,0.034482758620689655,0.42068965517241375,0.696551724137931,29,Eastern Europe & Russia,Eastern Europe & Russia,Bulgaria,politics_elections,2023,4,41869,298123,7.12,6,285.6,146
event_94th_academy_awards,94th Academy Awards,0.35413793103448277,0.18333156774993883,0.034482758620689655,0.4103448275862069,0.7724137931034484,29,Anglo-America & Oceania,North America,United States,entertainment_culture,2022,3,1254922,4217697,3.36,3,6639.5,161
event_2023_coulson_aviation_boeing_737_crash,2023 Coulson Aviation Boeing 737 crash,0.35000000000000003,0.40826799852632295,0.10344827586206896,0.46896551724137936,0.4,29,Anglo-America & Oceania,Oceania,Australia,accident_disaster,2023,2,477,30726,64.42,215,115.3,68
event_2021_piedade_de_caratinga_beechcraft_king_air_crash,2021 Piedade de Caratinga Beechcraft King Air crash,0.34931034482758627,0.3884001760935959,0.13793103448275862,0.44482758620689655,0.45517241379310347,29,Latin America,Latin America,Brazil,accident_disaster,2021,11,14611,47015,3.22,3,27.0,59
event_2023_trabuco_canyon_shooting,2023 Trabuco Canyon shooting,0.34758620689655173,0.46690953987945033,0.2413793103448276,0.38275862068965516,0.3620689655172414,29,Anglo-America & Oceania,North America,United States,crime_legal,2023,8,6115,49967,8.17,15,35.0,45
event_january_2022_north_american_blizzard,January 2022 North American blizzard,0.3468965517241379,0.26477190506594034,0.034482758620689655,0.44827586206896547,0.6137931034482759,29,Anglo-America & Oceania,North America,International,natural_disaster,2022,1,2460,38678,15.72,32,149.1,178
event_mexico_city_metro_overpass_collapse,Mexico City Metro overpass collapse,0.3375862068965517,0.15945283969127788,0.034482758620689655,0.38275862068965516,0.796551724137931,29,Latin America,Latin America,Mexico,accident_disaster,2021,5,25763,138236,5.37,9,84.9,182
event_93rd_academy_awards,93rd Academy Awards,0.3353448275862069,0.14803267949133417,0.0,0.41137931034482755,0.7827586206896552,29,Anglo-America & Oceania,North America,United States,entertainment_culture,2021,4,1060002,3950451,3.73,3,6544.1,186
event_2022_southwest_airlines_scheduling_crisis,2022 Southwest Airlines scheduling crisis,0.33103448275862074,0.191713594351614,0.06896551724137931,0.37241379310344835,0.7689655172413792,29,Anglo-America & Oceania,North America,United States,business_tech,2022,12,5055,32242,6.38,1,74.8,183
event_2021_uzbek_presidential_election,2021 Uzbek presidential election,0.3296551724137931,0.19808536576036745,0.034482758620689655,0.3879310344827587,0.7379310344827585,29,South & Southeast Asia,Central Asia & Caucasus,Uzbekistan,politics_elections,2021,10,5839,68784,11.78,17,43.2,161
event_2021_national_games_of_china,2021 National Games of China,0.32965517241379305,0.1917340607702581,0.0,0.45862068965517244,0.6551724137931033,29,East Asia,East Asia,China,sports,2021,9,1508,29760,19.73,33,24.9,105
event_2022_bratislava_shooting,2022 Bratislava shooting,0.32931034482758614,0.28883751588503825,0.06896551724137931,0.3651724137931034,0.5689655172413792,29,Western Europe,Western Europe,Slovakia,conflict_terrorism,2022,10,5783,63992,11.07,13,105.1,183
event_2022_turkish_super_cup,2022 Turkish Super Cup,0.3289655172413793,0.3010137449901721,0.06896551724137931,0.4844827586206897,0.506896551724138,29,Middle East & Africa,Middle East & North Africa,Turkey,sports,2022,7,299,7464,24.96,52,25.0,87
event_ayacucho_massacre,Ayacucho massacre,0.3279310344827586,0.30579888940445615,0.1724137931034483,0.34482758620689646,0.5586206896551724,29,Latin America,Latin America,Peru,conflict_terrorism,2022,12,1599,40539,25.35,60,48.4,176
event_gaza_war,Gaza war,0.326896551724138,0.17184803728627182,0.0,0.3500000000000001,0.7758620689655171,29,Middle East & Africa,Middle East & North Africa,Israel,conflict_terrorism,2023,10,147,8722,59.33,259,14.8,199
event_2022_united_kingdom_heatwaves,2022 United Kingdom heatwaves,0.32327586206896547,0.1741099328806519,0.034482758620689655,0.3741379310344828,0.7689655172413792,29,Western Europe,Western Europe,United Kingdom,natural_disaster,2022,6,1166,17783,15.25,19,17.8,173
event_2022_pakistan_super_league,2022 Pakistan Super League,0.3211034482758621,0.21209860179798712,0.0,0.4279310344827586,0.653448275862069,29,South & Southeast Asia,South Asia,Pakistan,sports,2022,1,14246,455253,31.96,62,527.3,196
event_2022_imo_rivers_explosion,2022 Imo-Rivers explosion,0.3210344827586206,0.3605488615563223,0.3103448275862069,0.3586206896551724,0.4689655172413793,29,Middle East & Africa,Sub-Saharan Africa,Nigeria,accident_disaster,2022,4,253,1841,7.28,10,2.2,119
event_moscow_multifunctional_center_shooting,Moscow Multifunctional Center shooting,0.32000000000000006,0.34179041773457075,0.20689655172413793,0.40620689655172415,0.4931034482758621,29,Eastern Europe & Russia,Eastern Europe & Russia,Russia,crime_legal,2021,12,217,3185,14.68,23,8.6,43
event_2022_philippine_presidential_election,2022 Philippine presidential election,0.3182758620689655,0.11101627608279481,0.0,0.353448275862069,0.8965517241379309,29,South & Southeast Asia,Southeast Asia,Philippines,politics_elections,2022,5,288762,1747356,6.05,8,743.1,169
event_tornado_outbreak_of_march_31_april_1_2023,"Tornado outbreak of March 31 – April 1, 2023",0.31413793103448273,0.22063415250339596,0.06896551724137931,0.3620689655172414,0.6896551724137929,29,Anglo-America & Oceania,North America,United States,natural_disaster,2023,3,42500,265730,6.25,7,190.8,191
event_2021_women_s_state_of_origin,2021 Women's State of Origin,0.3134482758620689,0.2539111419655875,0.0,0.48275862068965514,0.5413793103448276,29,Anglo-America & Oceania,Oceania,Australia,sports,2021,6,4250,8345,1.96,2,5.3,58
event_storm_franklin,Storm Franklin,0.31068965517241376,0.1926034166360532,0.13793103448275862,0.35517241379310355,0.693103448275862,29,Western Europe,Western Europe,International,natural_disaster,2022,2,759,5568,7.34,5,8.0,101
event_july_2023_tel_aviv_attack,July 2023 Tel Aviv attack,0.298551724137931,0.4201076697956909,0.20689655172413793,0.3610344827586207,0.3413793103448276,29,Middle East & Africa,Middle East & North Africa,Israel,conflict_terrorism,2023,7,1584,11026,6.96,9,9.1,42
event_2023_union_square_riot,2023 Union Square riot,0.29620689655172405,0.31292186744433714,0.1724137931034483,0.29827586206896545,0.4793103448275862,29,Anglo-America & Oceania,North America,United States,civil_unrest,2023,8,9546,95741,10.03,2,222.7,174
event_typhoon_lan_2023,Typhoon Lan (2023),0.2927586206896552,0.21922900248172453,0.10344827586206896,0.3482758620689655,0.6137931034482758,29,East Asia,East Asia,Japan,natural_disaster,2023,8,524,19140,36.53,84,23.4,184
event_2023_jaipur_express_killings,2023 Jaipur Express killings,0.2920689655172414,0.3799489921332438,0.2413793103448276,0.32758620689655177,0.40344827586206894,29,South & Southeast Asia,South Asia,India,crime_legal,2023,7,215,8490,39.49,145,33.6,73
event_2023_haryana_riots,2023 Haryana riots,0.2903448275862069,0.2522926975397164,0.2413793103448276,0.32413793103448285,0.5689655172413793,29,South & Southeast Asia,South Asia,India,civil_unrest,2023,7,16348,120372,7.36,10,91.0,188
event_saudades_massacre,Saudades massacre,0.28965517241379307,0.37407801840332255,0.20689655172413793,0.3793103448275862,0.3793103448275862,29,Latin America,Latin America,Brazil,crime_legal,2021,5,1069,10988,10.28,14,15.1,74
event_chinese_taipei_at_the_2020_summer_olympics,Chinese Taipei at the 2020 Summer Olympics,0.2893103448275862,0.16617255332693015,0.06896551724137931,0.4,0.6758620689655173,29,East Asia,East Asia,Japan,sports,2021,7,25097,234705,9.35,18,33.2,90
event_2023_fifa_u_20_world_cup,2023 FIFA U-20 World Cup,0.2870689655172414,0.20134683252511165,0.0,0.3824137931034483,0.6379310344827587,29,Latin America,Latin America,Argentina,sports,2023,5,83324,1607978,19.3,27,587.2,188
event_2023_mexico_city_metro_train_crash,2023 Mexico City Metro train crash,0.2868965517241379,0.2832094807525154,0.13793103448275862,0.36896551724137927,0.47586206896551725,29,Latin America,Latin America,Mexico,accident_disaster,2023,1,429,8188,19.09,40,10.3,65
event_2023_mercedes_benz_factory_shooting,2023 Mercedes-Benz factory shooting,0.286551724137931,0.2731966054980333,0.13793103448275862,0.39137931034482754,0.4793103448275862,29,Western Europe,Western Europe,Germany,crime_legal,2023,5,2623,7131,2.72,3,5.6,123
event_juno_awards_of_2023,Juno Awards of 2023,0.2862068965517241,0.21158537517257742,0.034482758620689655,0.3724137931034483,0.596551724137931,29,Anglo-America & Oceania,North America,Canada,entertainment_culture,2023,3,8419,43826,5.21,6,61.5,160
event_2023_andhra_pradesh_train_collision,2023 Andhra Pradesh train collision,0.28393103448275864,0.3204704441732264,0.13793103448275862,0.34275862068965507,0.41379310344827586,29,South & Southeast Asia,South Asia,India,accident_disaster,2023,10,1157,22360,19.33,31,17.0,92
event_white_rock_lake_fire,White Rock Lake fire,0.283448275862069,0.2800649661340169,0.1724137931034483,0.32068965517241377,0.506896551724138,29,Anglo-America & Oceania,North America,Canada,natural_disaster,2021,7,176,5119,29.09,85,14.2,77
event_typhoon_doksuri,Typhoon Doksuri,0.2813793103448276,0.21865930258377056,0.1724137931034483,0.3068965517241379,0.6448275862068965,29,East Asia,East Asia,China,natural_disaster,2023,7,1272,65074,51.16,198,104.0,195
event_2023_philippine_airspace_closure,2023 Philippine airspace closure,0.27999999999999997,0.2995053393111082,0.06896551724137931,0.303448275862069,0.46551724137931033,29,South & Southeast Asia,Southeast Asia,Philippines,accident_disaster,2023,1,1533,36703,23.94,32,50.6,198
event_2023_nuevo_laredo_military_shooting,2023 Nuevo Laredo military shooting,0.27965517241379306,0.30556316304681946,0.13793103448275862,0.33620689655172414,0.4586206896551725,29,Latin America,Latin America,Mexico,crime_legal,2023,2,21,1007,47.95,162,3.5,123
event_2021_march_4_justice,2021 March 4 Justice,0.2786206896551724,0.19274288998794142,0.06896551724137931,0.29310344827586204,0.693103448275862,29,Anglo-America & Oceania,Oceania,Australia,civil_unrest,2021,3,656,9443,14.39,21,20.0,125
event_2022_world_snooker_championship,2022 World Snooker Championship,0.27724137931034487,0.1631140187578581,0.034482758620689655,0.34137931034482766,0.7241379310344827,29,Western Europe,Western Europe,United Kingdom,sports,2022,4,103643,1568234,15.13,32,424.3,189
event_late_december_2021_bahia_floods,Late December 2021 Bahia floods,0.27586206896551724,0.1719566352988613,0.034482758620689655,0.3551724137931036,0.6827586206896551,29,Latin America,Latin America,Brazil,natural_disaster,2021,12,539,3266,6.06,9,2.3,190
event_2023_wamena_riot,2023 Wamena riot,0.2720689655172414,0.3148549672725066,0.20689655172413793,0.3931034482758621,0.39655172413793105,29,South & Southeast Asia,Southeast Asia,Indonesia,civil_unrest,2023,2,771,4546,5.9,6,6.3,62
event_prima_v_kpu,PRIMA v. KPU,0.26999999999999996,0.33300098374091,0.1724137931034483,0.3137931034482758,0.4206896551724137,29,South & Southeast Asia,Southeast Asia,Indonesia,politics_elections,2023,3,668,2303,3.45,3,4.3,153
event_laval_daycare_bus_crash,Laval daycare bus crash,0.2696551724137931,0.2560641455010388,0.13793103448275862,0.3379310344827586,0.5103448275862069,29,Anglo-America & Oceania,North America,Canada,accident_disaster,2023,2,949,8521,8.98,8,10.8,155
event_2023_vote_of_no_confidence_in_the_government_of_pedro_s_nche,2023 vote of no confidence in the government of Pedro Sánchez,0.2675862068965517,0.2940168324106373,0.13793103448275862,0.36724137931034484,0.4620689655172414,29,Western Europe,Western Europe,Spain,politics_elections,2023,3,2487,7213,2.9,3,2.6,143
event_2023_south_america_heat_wave,2023 South America heat wave,0.26413793103448274,0.20560285187508381,0.13793103448275862,0.29310344827586204,0.6517241379310345,29,Latin America,Latin America,International,natural_disaster,2023,7,860,10124,11.77,15,14.4,178
event_february_2022_north_american_winter_storm,February 2022 North American winter storm,0.25689655172413794,0.2246392272108825,0.06896551724137931,0.33103448275862074,0.5655172413793103,29,Anglo-America & Oceania,North America,United States,natural_disaster,2022,2,2624,45264,17.25,31,94.1,173
event_2023_acc_under_19_asia_cup,2023 ACC Under-19 Asia Cup,0.25517241379310346,0.2897873261745844,0.034482758620689655,0.410344827586207,0.4517241379310345,29,Middle East & Africa,Middle East & North Africa,United Arab Emirates,sports,2023,12,30767,244808,7.96,15,116.4,108
event_2023_fifa_u_17_world_cup,2023 FIFA U-17 World Cup,0.2512068965517241,0.14750602075621908,0.0,0.33965517241379317,0.6758620689655174,29,South & Southeast Asia,Southeast Asia,Indonesia,sports,2023,11,82437,1280023,15.53,25,395.2,193
event_2023_marseille_building_collapse,2023 Marseille building collapse,0.25086206896551727,0.2995573428655771,0.20689655172413793,0.36379310344827587,0.3517241379310345,29,Western Europe,Western Europe,France,accident_disaster,2023,4,105,6173,58.79,273,12.0,70
event_mladenovac_and_smederevo_shootings,Mladenovac and Smederevo shootings,0.25068965517241376,0.2501989695737038,0.10344827586206896,0.3413793103448276,0.45517241379310347,29,Eastern Europe & Russia,Eastern Europe & Russia,Serbia,crime_legal,2023,5,986,54226,55.0,231,100.0,186
event_2023_rio_grande_do_sul_floods,2023 Rio Grande do Sul floods,0.24689655172413796,0.20793074855587365,0.13793103448275862,0.28620689655172415,0.5758620689655171,29,Latin America,Latin America,Brazil,natural_disaster,2023,9,452,3772,8.35,16,3.3,84
event_swimming_at_the_2020_summer_olympics_women_s_4_100_metre_med,Swimming at the 2020 Summer Olympics – Women's 4 × 100 metre medley relay,0.24168965517241378,0.14999979389601378,0.0,0.333448275862069,0.6724137931034484,29,East Asia,East Asia,Japan,sports,2021,7,18923,80786,4.27,6,62.7,69
event_typhoon_cempaka,Typhoon Cempaka,0.23862068965517244,0.2166154090410171,0.1724137931034483,0.27931034482758627,0.5310344827586208,29,East Asia,East Asia,China,natural_disaster,2021,7,301,3744,12.44,20,7.2,183
event_2023_pakistani_census,2023 Pakistani census,0.2289655172413794,0.2037805585729872,0.13793103448275862,0.2827586206896552,0.5379310344827586,29,South & Southeast Asia,South Asia,Pakistan,politics_elections,2023,3,2228,121682,54.61,269,341.4,145
event_2022_kech_district_attack,2022 Kech District attack,0.22855172413793104,0.2318221057274821,0.06896551724137931,0.33172413793103445,0.4827586206896552,29,South & Southeast Asia,South Asia,Pakistan,conflict_terrorism,2022,1,293,7831,26.73,49,16.3,182
event_wimbledon_school_crash,Wimbledon school crash,0.2227586206896552,0.248844177136314,0.13793103448275862,0.27241379310344827,0.41724137931034483,29,Western Europe,Western Europe,United Kingdom,accident_disaster,2023,7,1411,33234,23.55,43,84.0,161
event_2023_v_league_1,2023 V.League 1,0.2203448275862069,0.1860197015635652,0.034482758620689655,0.3193103448275862,0.5862068965517241,29,South & Southeast Asia,Southeast Asia,Vietnam,sports,2023,2,1226,80304,65.5,269,118.0,113
event_2021_kebbi_massacre,2021 Kebbi massacre,0.21965517241379318,0.1893816209015941,0.06896551724137931,0.29655172413793107,0.49999999999999994,29,Middle East & Africa,Sub-Saharan Africa,Nigeria,conflict_terrorism,2021,6,95,1852,19.49,40,5.0,80
event_2023_astore_avalanche,2023 Astore avalanche,0.213448275862069,0.3121038273535771,0.3103448275862069,0.303448275862069,0.33448275862068966,29,South & Southeast Asia,South Asia,Pakistan,natural_disaster,2023,5,634,2035,3.21,4,1.3,59
event_2022_balochistan_local_government_elections,2022 Balochistan local government elections,0.20206896551724138,0.18997965971605066,0.10344827586206896,0.2655172413793103,0.5758620689655172,29,South & Southeast Asia,South Asia,Pakistan,politics_elections,2022,5,235,3267,13.9,18,3.4,79
event_2023_demise_honours,2023 Demise Honours,0.19999999999999998,0.29876758352525007,0.4482758620689655,0.2517241379310345,0.27241379310344827,29,Western Europe,Western Europe,United Kingdom,royalty_ceremony,2023,3,9986,30155,3.02,3,33.1,71
event_2021_south_korean_by_elections,2021 South Korean by-elections,0.19655172413793104,0.1372708337826072,0.0,0.2448275862068965,0.6655172413793102,29,East Asia,East Asia,South Korea,politics_elections,2021,4,6011,48992,8.15,11,95.3,178
event_royal_commission_into_defence_and_veteran_suicide,Royal Commission into Defence and Veteran Suicide,0.18689655172413797,0.15833407388691367,0.06896551724137931,0.23448275862068968,0.6310344827586207,29,Anglo-America & Oceania,Oceania,Australia,crime_legal,2021,7,14,1019,72.79,229,3.2,121
event_2023_shandong_high_altitude_object,2023 Shandong high-altitude object,0.18517241379310345,0.209278245564577,0.20689655172413793,0.2310344827586207,0.45862068965517244,29,East Asia,East Asia,China,other,2023,2,11037,23819,2.16,3,12.3,194
event_2022_sindh_local_government_elections,2022 Sindh local government elections,0.17758620689655177,0.1268424266129462,0.06896551724137931,0.25689655172413794,0.5689655172413793,29,South & Southeast Asia,South Asia,Pakistan,politics_elections,2022,6,889,11101,12.49,27,7.1,61
event_2022_malaysian_general_election,2022 Malaysian general election,0.16448275862068967,0.09950173129308378,0.034482758620689655,0.19310344827586207,0.8379310344827586,29,South & Southeast Asia,Southeast Asia,Malaysia,politics_elections,2022,11,270539,1306837,4.83,6,399.7,198
event_2023_north_waziristan_landmine_attack,2023 North Waziristan landmine attack,0.15517241379310345,0.2679374694119194,0.20689655172413793,0.23793103448275862,0.26896551724137935,29,South & Southeast Asia,South Asia,Pakistan,conflict_terrorism,2023,8,53,1932,36.45,106,1.1,58
event_2021_kilmarnock_incidents,2021 Kilmarnock incidents,0.15241379310344827,0.33356646623417824,0.3793103448275862,0.16551724137931034,0.17586206896551723,29,Western Europe,Western Europe,United Kingdom,crime_legal,2021,2,1172,5250,4.48,3,7.3,195
event_2021_guangzhou_bombing,2021 Guangzhou bombing,0.11448275862068967,0.27507473851973463,0.5172413793103449,0.1310344827586207,0.1482758620689655,29,East Asia,East Asia,China,conflict_terrorism,2021,3,3217,12813,3.98,5,9.1,102
